{
  "regression": {
    "rmse": 0.07893056430828957,
    "mae": 0.036733888842239146,
    "mape": 2150468822.9733887
  },
  "classification": {
    "roc_auc": 0.8315156996664692,
    "precision": 0.0,
    "recall": 0.0,
    "f1": 0.0,
    "accuracy": 0.95748
  }
}