{
  "regression": {
    "rmse": 5.0858847449854276e-06,
    "mae": 5.023694333845519e-06,
    "mape": 22624707929.92995
  },
  "classification": {
    "roc_auc": 0.83810044,
    "precision": 0.7690827453495831,
    "recall": 0.7194,
    "f1": 0.7434122145292963,
    "accuracy": 0.7517,
    "threshold_used": 0.05
  }
}